name,email
"Aarav Singh","aarav.singh1@outlook.com"
"Ananya Kumar","ananya.kumar2@outlook.com"
"Ananya Chopra","ananya.chopra3@company.org"
"Tanvi Das","tanvi.das4@gmail.com"
"Aryan Joshi","aryan.joshi5@example.com"
"Pooja Kumar","pooja.kumar6@yahoo.com"
"Divya Sharma","divya.sharma7@yahoo.com"
"Amit Reddy","amit.reddy8@yahoo.com"
"Ananya Mehta","ananya.mehta9@example.com"
"Ananya Gupta","ananya.gupta10@company.org"
"Amit Gupta","amit.gupta11@gmail.com"
"Aarav Reddy","aarav.reddy12@example.com"
"Pooja Sharma","pooja.sharma13@gmail.com"
"Rahul Singh","rahul.singh14@outlook.com"
"Ananya Gupta","ananya.gupta15@outlook.com"
"Vikram Gupta","vikram.gupta16@example.com"
"Aryan Kumar","aryan.kumar17@company.org"
"Divya Sharma","divya.sharma18@example.com"
"Aditya Joshi","aditya.joshi19@gmail.com"
"Ananya Singh","ananya.singh20@company.org"
"Sneha Singh","sneha.singh21@outlook.com"
"Aryan Mehta","aryan.mehta22@gmail.com"
"Aarav Gupta","aarav.gupta23@gmail.com"
"Aditya Joshi","aditya.joshi24@yahoo.com"
"Aditya Verma","aditya.verma25@yahoo.com"
